bbl,address,percentage,savings,hvac_cost
1013230047,805 3 Ave,39.75382847692873,303173.74,762627.7810600001
1007940017,135 W 18th St,39.44318446732298,19203.35,48686.10448
1010320048,330 W 42nd St,37.87210441284141,45505.53,120155.79991
1000460009,14 Wall St,37.26596063075679,704333.7499999999,1890019.0363500002
1000430001,44 Wall St,37.04107704079687,138197.42,373092.33705
1007120029,47 9 Ave,36.925311420831534,14686.679999999997,39774.01797
1008040001,319 7 Ave,36.8494602520654,74504.02,202184.83389
1006720001,601 W 26th St,36.21254156128197,559952.1000000001,1546293.2891699998
1008690066,10 E 40th St,36.07224824416705,327729.00999999995,908535.0261000001
1005970001,515 Greenwich St,36.0131268772445,11265.570000000002,31281.84353
1013000001,230 Park Ave,35.940202801076296,671269.05,1867738.6260600002
1000750030,111 John St,35.78828354432641,130659.83,365091.07747
1013180001,711 3 Ave,35.74505555494863,289325.75999999995,809414.7722200002
1008650014,200 Madison Ave,35.67153731094776,252927.84,709046.64914
1012840007,7 E 48th St,35.650570591909926,329174.0400000001,923334.5624899999
1005110001,568 Broadway,35.63093015066195,71428.35999999999,200467.28979
1010400029,825 8 Ave,35.58988051192279,643629.4700000001,1808462.0143199998
1006450029,416 W 13th St,35.580715623034855,43582.96,122490.39750000002
1008400058,16 W 39th St,35.38750637970185,14610.1,41286.03989
1012700071,1350 Ave Of The Americas,35.36189595186,270018.74,763586.7159600001
1008190056,18 W 18th St,35.317077590091486,26762.38,75777.4477
1000200004,39 Broadway,35.309575158268906,300508.88,851069.0900499999
1008570024,63 Madison Ave,35.25881236266613,375902.62,1066123.8845300002
1007780020,239 W 28th St,35.237437294930565,34017.99,96539.34171000001
1000880001,217 Broadway,35.13727587190626,38433.44,109380.81865000002
1012950033,622 3 Ave,35.12106520042921,574887.02,1636872.3918800002
1013130005,111 E 58th St,35.12027987533969,169510.63,482657.40079999994
1008870095,471 Park Ave South,35.08943299720923,112936.71,321853.90402
1013150001,655 3 Ave,35.06695850927879,254693.59,726306.4743199999
1013210001,757 3 Ave,35.0465764030999,224900.74,641719.5717300002
1013050060,566 Lexington Ave,35.0063445716765,218944.87,625443.3951300001
1001960005,408 Broadway,34.83754676135856,6997.949999999999,20087.37885
1012900003,693 5 Ave,34.725117976852,49370.55,142175.32690000001
1012780001,521 5 Ave,34.714832928522206,277217.99,798557.7535999999
1009930029,5 Bryant Park,34.66949778640857,285948.67,824784.5750800001
1013940013,750 Lexington Ave,34.656360474801815,124301.38000000002,358668.30301
1012700049,20 W 55th St,34.58295676609841,41508.52,120025.94307000001
1000500001,115 Broadway,34.56857503318129,200432.58000000005,579811.5190099999
1013320001,979 3 Ave,34.506486386995334,320172.37999999995,927861.4356999999
1008330011,1240 Broadway,34.480109105989385,297086.56999999995,861617.2561599999
1005780047,250 Hudson St,34.45191735955631,73390.65000000001,213023.41240999996
1012810059,18 E 46th St,34.434629157563585,27322.16999999999,79345.03919
1012710071,1370 Ave Of The Americas,34.434095923454116,194862.19000000003,565898.95792
1012620001,1180 Ave Of The Americas,34.42379251898338,225395.33,654766.1181600001
1008490016,902 Broadway,34.412175772822245,86984.95,252773.75826000003
1012710038,712 5 Ave,34.30038897842868,162622.89,474113.83615
1013010023,485 Lexington Ave,34.28916356496727,249400.14,727343.90131
1007590045,519 8 Ave,34.24790062570888,80722.9,235701.74675
1008290036,236 5 Ave,34.21628593678048,51088.92999999999,149311.73446
1010250025,1690 Broadway,34.20921498917917,333807.93,975783.65977
1019670045,461 W 126th St,34.12104404650819,13884.93,40693.15693
1012720066,48 W 57th St,34.10991111079337,52664.38000000001,154396.12207999997
1012750014,284 Madison Ave,34.082400878551184,43830.920000000006,128602.79460999998
1012850021,437 Madison Ave,34.0640657451414,498011.36,1461984.4962900002
1008320017,1241 Broadway,34.05665011391092,30820.44,90497.56772000002
1000290070,75 Broad St,34.0276907129522,421759.0699999999,1239458.39745
1013220001,777 3 Ave,33.95339407364812,288153.63999999996,848674.0364600001
1012870021,477 Madison Ave,33.949537024872534,72724.23999999999,214212.75921
1012670041,650 5 Ave,33.94448156984212,165788.68000000002,488411.28906000004
1008290011,45 W 27th St,33.93497804743555,19480.35,57404.92884
1000920024,116 Nassau St,33.927557292344815,16595.56,48914.69155
1008610022,135 Madison Ave,33.91812316819404,37571.56999999999,110771.37085
1000490002,111 Broadway,33.88920767183941,207824.1900000001,613245.93957
1012910028,65 E 55th St,33.86854973139589,211770.89999999997,625273.0089700002
1000200016,55 Broadway,33.85278191609487,147137.44,434639.1394500001
1008020056,122 W 27th St,33.83565235243939,8327.969999999998,24613.00262
1010130029,592 7 Ave,33.79595188446783,265852.63,786640.45596
1008550037,35 Madison Ave,33.72398303909739,383559.75000000006,1137350.08571
1012780069,529 5 Ave,33.70181796929406,77354.39,229525.86733000004
1007950037,635 Ave Of The Americas,33.68384472905826,30965.99,91931.28115
1000100014,33 Whitehall St,33.67081349083417,124358.26,369335.47813999996
1008050003,345 7 Ave,33.645724131020735,25319.629999999997,75253.63372
1008020008,151 W 26th St,33.629461297818736,26354.430000000008,78367.0894
1013190047,733 3 Ave,33.595397322717105,289070.80999999994,860447.65961
1000200009,45 Broadway,33.56939630975769,133725.71,398356.01678999997
1008560009,11 E 26th St,33.540070271701175,56480.09,168395.86066
1013740060,10 E 60th St,33.53750550391681,131520.97,392160.85998
1013090023,641 Lexington Ave,33.51419171433286,218200.65999999997,651069.4390600001
1013170001,685 3 Ave,33.4710502303677,261558.15,781445.90086
1009990029,1185 Ave Of The Americas,33.46077967429232,364962.5399999999,1090717.38182
1013210022,885 2 Ave,33.365353528393,272246.16000000003,815954.6691699999
1010070029,1345 Ave Of The Americas,33.34108581709479,988577.73,2965043.59643
1013050013,560 Lexington Ave,33.310021338951884,104408.5,313444.71064000006
1012790057,352 Madison Ave,33.29788264457737,124618.56,374253.70655000006
1008070001,393 7 Ave,33.29114442304919,350544.21,1052965.3338000001
1005810063,225 Varick St,33.22574076968022,75072.58,225947.04665999996
1013280001,909 3 Ave,33.218343899052414,316175.85000000003,951810.99624
1008680008,5 E 38th St,33.206729809082184,15458.46,46552.19014
1000130027,25 Broadway,33.181416278423875,387528.15,1167907.2006700002
1009970041,120 W 45th St,33.16925990827084,144712.03000000006,436283.56616999995
1010260032,848 7 Ave,33.16679251663003,7723.780000000001,23287.69053
1000390012,110 Maiden Lane,33.13570449205343,567558.8999999999,1712831.8492100004
1013010001,245 Park Ave,33.09905778600758,782678.0199999998,2364653.47461
1008210014,39 W 19th St,33.091366906566414,35246.490000000005,106512.64452
1001680032,75 Centre St,33.08463146903109,269441.37,814400.3969100001
1008190037,118 5 Ave,33.068420811179635,15923.430000000006,48152.97981999999
1012750023,285 Madison Ave,33.06093755843173,238428.98,721180.33428
1008380012,53 W 36th St,33.05110196622961,18654.67,56441.90024
1010080037,106 W 56th St,33.05062158044102,13623.62,41220.4653
1000130005,11 Broadway,33.016624014731605,238112.74,721190.4520999999
1009950005,1472 Broadway,33.000239010336266,554335.36,1679791.9549199997
1013290001,919 3 Ave,32.996424976974595,538436.1,1631801.32507
1013160001,675 3 Ave,32.98192878270079,301014.13,912663.81655
1000210001,61 Broadway,32.94648657311689,264263.39999999997,802098.8806000001
1008690034,90 Park Ave,32.945121142030146,484477.4599999999,1470559.04852
1008680025,261 Madison Ave,32.94391057446263,255295.84000000003,774940.9088000001
1001210001,1 Centre St,32.91646378713229,510201.81,1549989.73553
1000100023,1 Whitehall St,32.91327650430995,233410.18,709167.2564699999
1013260001,875 3 Ave,32.904802944610864,228695.14,695020.5427
1010270020,1740 Broadway,32.903375870735374,256444.4,779386.28853
1000670001,59 Maiden Lane,32.90139857105756,598215.91,1818208.1491399999
1012990022,437 Lexington Ave,32.891777993653065,89235.57,271300.53601000004
1012920037,450 Park Ave,32.88760826349285,281268.17,855240.57495
1009960029,1133 Ave Of The Americas,32.87688366274732,187043.72000000003,568921.6834499999
1012690001,1330 Ave Of The Americas,32.87055682502556,205257.82,624442.78353
1000400014,48 Wall St,32.8518924656738,122445.22,372718.92366
1000250001,55 Broad St,32.813498588251754,301393.29999999993,918504.0089199999
1010090005,152 W 57th St,32.80801380646849,223833.1,682251.2978699999
1007860023,229 W 36th St,32.80407832855862,21050.500000000007,64170.37475999999
1013070014,600 Lexington Ave,32.80075492942203,106878.50000000004,325841.58575
1000880018,225 Broadway,32.79486065761254,78142.15999999999,238275.62743999998
1013090032,900 3 Ave,32.79423258308387,150255.21000000002,458175.71617
1013030001,299 Park Ave,32.77048905490545,346427.51999999996,1057132.59091
1010030005,135 W 50th St,32.75653425241723,275977.21,842510.40685
1013250001,845 3 Ave,32.73626573190228,209070.37,638650.6381399999
1008330038,302 5 Ave,32.73272008088872,12390.23,37852.73564
1008150046,1430 Broadway,32.730423866047936,284350.54000000004,868765.22334
1005990064,375 Hudson St,32.72971985075758,214996.89,656885.8242000001
1012880007,10 E 53rd St,32.72246805915978,287896.22,879812.05904
1001530024,23 Chambers St,32.707966503886496,117027.71000000002,357795.73758
1008680016,260 Madison Ave,32.70679374040295,304108.69000000006,929802.8183800001
1008790081,315 Park Ave South,32.70193798825326,62210.44999999998,190234.75006999998
1000090029,24 State St,32.69915405742366,485548.29,1484895.5699200002
1009970029,1155 Ave Of The Americas,32.69052542783919,205797.03,629531.1173699999
1009980024,115 W 45th St,32.678731563973976,11962.350000000002,36605.91898
1013000033,730 3 Ave,32.674781277886126,317776.18000000005,972542.63861
1008430045,79 5 Ave,32.668937099420695,88922.95,272194.19392
1000660001,19 Liberty St,32.66213144614444,630894.7000000002,1931578.4734999996
1013070001,375 Park Ave,32.652077122942146,500726.5199999999,1533521.1849300002
1012940046,625 Madison Ave,32.651048601746616,287490.49,880493.8962500001
1007890052,218 W 40th St,32.64547206442012,43289.3,132604.30088
1010040020,787 7 Ave,32.637212404485226,724952.67,2221245.67814
1013120041,150 E 58th St,32.622253354359394,292366.81,896218.93014
1012870014,488 MADISON AVENUE,32.59683391413009,123011.22,377371.68071000004
1000210004,65 Broadway,32.55928442540007,288824.35000000003,887072.1672700001
1000240001,60 Broad St,32.53452041831126,458070.29,1407951.56686
1012670001,1290 Ave Of The Americas,32.53216085074804,1090509.21,3352095.8383400002
1010160036,1515 Broadway,32.50749682567191,651112.0099999999,2002959.54343
1012810069,553 5 Ave,32.4665025575057,62302.77000000001,191898.61886
1012770014,330 Madison Ave,32.455414964073256,304605.45999999996,938535.09603
1012880001,655 5 Ave,32.42084090219283,42245.01,130302.01815999999
1013120015,135 E 57th St,32.398428916047884,123478.58,381125.20925
1007790041,352 7 Ave,32.39572702294139,33691.310000000005,103999.24032000003
1008370058,20 W 36th St,32.366644062996194,20620.710000000003,63709.756130000016
1009990019,114 W 47th St,32.36376656686751,227074.35999999996,701631.4356699999
1001540023,14 Reade St,32.357607828453325,42095.64,130095.03120000003
1013750021,653 Madison Ave,32.35160180230355,95647.55999999998,295650.1523
1008010001,275 7 Ave,32.33799811137843,56299.000000000015,174095.50154000003
1012910038,430 Park Ave,32.32130235094463,137312.77,424836.74856000004
1000090014,17 State St,32.314983011667024,189595.45,586710.65967
1012730012,37 W 57th St,32.30577620360049,34458.08,106662.28783
1013080033,880 3 Ave,32.3028125455686,40561.3,125565.84645
1008620045,30 E 33rd St,32.295298425366965,29377.480000000003,90965.19131999998
1005970062,323 Hudson St,32.29374802153402,61428.65999999999,190218.42853000003
1012680001,51 W 52nd St,32.27563484183953,382612.20000000007,1185452.12782
1007890036,550 7 Ave,32.24456104885871,54115.71999999999,167828.98647
1005970012,78 Vandam St,32.22584152043979,82920.0,257309.02930000002
1000460001,2 Wall St,32.22093377819888,57568.87999999999,178669.18568
1012910001,711 5 Ave,32.21986222430555,219437.47000000003,681062.7198599998
1008150014,1412 Broadway,32.15132926759518,75343.52,234340.29546000002
1008560058,60 Madison Ave,32.127837627276655,42029.030000000006,130818.1101
1012750027,100 Park Ave,32.12193465836383,257888.74,802843.11248
1010150029,1493 Broadway,32.08495343238204,213823.42000000004,666428.9554
1008340049,4 W 33rd St,32.083965912333205,113977.21,355246.63725
1012900001,689 5 Ave,32.07458777511192,46981.78,146476.64478
1005540001,770 Broadway,32.05297467601538,308105.82999999996,961239.4266499999
1004960040,75 Spring St,32.012586581627254,10959.13,34233.816040000005
1008510041,304 Park Ave South,32.00332254729951,61022.09000000001,190674.23362
1008610075,315 5 Ave,31.975387998470197,23653.129999999997,73972.92568
1012610021,25 W 45th St,31.925774895269033,45783.55,143406.22944999998
1008260026,19 W 24th St,31.909889532143172,23678.65,74204.73824
1008210055,18 W 20th St,31.904413719749435,15706.729999999996,49230.58652
1007850041,470 7 Ave,31.889154237977113,26230.390000000003,82254.89395
1005650015,849 Broadway,31.85951835385285,54759.55000000001,171878.14766000002
1012870052,485 Madison Ave,31.852630248290208,53462.91000000001,167844.56913999998
1012950023,355 Lexington Ave,31.849024969829703,66673.03,209340.88268999997
1008760006,257 PARK AVENUE SOUTH,31.844402079273653,60610.97,190334.77171
1008290032,13 W 27th St,31.83544030951187,13650.929999999998,42879.66451000001
1012960001,125 Park Ave,31.83196512836973,116746.9,366759.95192
1008110031,1350 Broadway,31.77007239375954,73628.66,231754.77564999997
1000220013,26 Broadway,31.769524128788813,67447.29000000001,212301.85799
1008590052,44 E 30th St,31.768141880125604,15868.53,49951.080109999995
1008110021,1333 BROADWAY,31.752889501765992,25507.58,80331.52384
1007600032,307 W 36th St,31.732407839493774,34350.0,108248.95537000001
1008710060,30 Irving Pl,31.72051729736157,22660.52,71438.05313
1000400003,60 Wall St,31.70701227398254,126647.94,399431.95816000004
1001220001,52 Chambers St,31.693615834380225,33224.45,104830.10261
1013050040,830 3 Ave,31.689262131972445,34535.54,108981.83698999998
1008820076,116 E 27th St,31.683334372132162,17720.890000000003,55931.265920000005
1005450015,726 Broadway,31.68248411934537,102580.75999999998,323777.51572
1008490063,912 Broadway,31.664327728984198,23123.84,73028.04656999999
1008410031,1 W 39th St,31.660363249092267,54600.31,172456.35992999998
1012900037,410 Park Ave,31.657603690039693,54059.97,170764.56743
1008610049,38 E 32nd St,31.648369338033426,22547.05,71242.37511000001
1008410054,8 W 40th St,31.634233951691428,40837.65,129093.21611
1012600042,2 W 45th St,31.62842536542523,23804.85999999999,75264.13257999999
1007850037,462 7 Ave,31.62836463491035,40481.17999999999,127990.11415000001
1007130001,75 9 Ave,31.620186257955524,373692.1000000001,1181814.9866399998
1008570062,72 Madison Ave,31.60794274368981,15346.02,48551.15097
1007800036,370 7 Ave,31.558747469528797,75872.59,240416.98763000005
1000640015,160 Broadway,31.55137260375211,33968.84,107662.00389000002
1010250043,1697 Broadway,31.54097055941458,51298.05,162639.41499000002
1000480001,140 Broadway,31.478172625821593,262530.39,834007.72059
1010140033,3 Times Square,31.47244408696328,230724.54000000004,733100.1664900002
1010290053,1784 Broadway,31.460418349625343,63338.91999999999,201328.91843999998
1012750001,461 5 Ave,31.447034392305,46735.49999999999,148616.55766
1008160037,84 5 Ave,31.43501270384891,27116.26000000001,86261.32986
1005100038,298 Lafayette St,31.43499616960771,17052.1,54245.59274
1007860051,498 7 Ave,31.430738203065534,110984.74000000003,353108.91931
1007580082,440 9 Ave,31.430629459598592,81233.36,258452.85760000002
1000240029,30 Broad St,31.424132262642456,93470.72,297448.84988
1008370056,16 W 36th St,31.423872620561298,10974.330000000002,34923.54406
1000220020,42 Broadway,31.360291487799064,99670.78,317824.7882
1007570054,330 W 34th St,31.35889317595369,99333.35,316762.9337
1007310001,460 W 34th St,31.355520875691763,166281.11000000002,530308.87498
1008660076,397 5 Ave,31.31101871263244,37472.3,119677.67751000001
1013170021,815 2 Ave,31.296667698023157,94962.75,303427.67133000004
1008600045,450 Park Ave South,31.268974016447988,25659.819999999992,82061.59877999999
1007790013,241 W 29th St,31.26701797956225,11656.81,37281.489420000005
1001270018,255 Greenwich St,31.263495718655633,149469.84,478097.01558999997
1008040044,104 W 29th St,31.245384158081112,28652.49,91701.51295
1008110051,132 W 36th St,31.23825257551538,31521.180000000008,100905.70822999999
1008360026,7 W 34th St,31.22068039334655,90219.35,288973.04243
1013210047,767 3 Ave,31.216239619592617,72728.41,232982.61060999997
1008290016,31 W 27th St,31.198882986552984,39510.44,126640.55959
1001530001,280 Broadway,31.1785527638644,50505.55,161988.1153
1010210019,1613 Broadway,31.17370004552259,72607.55,232912.83964999998
1007850067,242 W 36th St,31.148867286137733,32161.56,103251.13817
1008080040,100 W 33rd St,31.135769767687716,147648.02999999997,474207.09718000004
1007800071,254 W 31st St,31.12374112218166,13617.779999999995,43753.67327
1000940025,100 Gold St,31.11278081717427,181235.02,582509.8729200001
1007660061,230 W 17th St,31.079001562590786,9152.079999999998,29447.79285
1006020068,435 Hudson St,31.075229935001136,59185.09999999999,190457.48051999998
1013200046,747 3 Ave,31.052104296371475,109636.6,353073.01223
1000880010,30 Vesey St,31.032604876502933,41182.65,132707.68008000002
1001550001,2 Lafayette St,31.030827076146434,106287.37,342521.87265
1004980011,549 Broadway,30.984346738746822,36468.03,117698.23746
1008590064,105 Madison Ave,30.929352110233044,29718.659999999996,96085.62084999999
1013030033,776 3 Ave,30.869001128404793,91937.45,297830.98461
1008280009,37 W 26th St,30.856979072153106,16921.66,54839.00404000001
1008620013,15 E 32nd St,30.830416484342837,8946.24,29017.57751
1008680072,437 5 Ave,30.801429253384647,12874.020000000002,41796.826680000006
1005630001,83 University Pl,30.755730302653166,51930.259999999995,168847.42937
1006090007,154 W 14th St,30.735467322389358,14823.099999999997,48227.99616
1008370023,29 W 35th St,30.71155089463582,27889.74,90811.8906
1013950017,770 Lexington Ave,30.69113767391419,44245.539999999986,144163.89666
1007280060,442 W 31st St,30.66273606470832,23238.42000000001,75787.1703
1008610047,44 E 32nd St,30.643157481286455,11536.979999999996,37649.44917
1007890021,231 W 39th St,30.59939285841709,25311.83,82720.03996
1007390001,111 8 Ave,30.598622561427817,1446018.76,4725764.230389999
1008010024,119 W 25th St,30.543049145245345,17569.95,57525.199649999995
1012600024,19 W 44th St,30.483439115262694,65641.79000000001,215335.90666
1005590016,124 E 14th St,30.447162805612322,65061.28,213685.85446
1008490031,45 E 20th St,30.436670796585226,7294.9,23967.47019
1008760001,251 Park Ave South,30.42655427449746,15580.719999999998,51207.63876
1013090066,110 E 55th St,30.41234877571526,15704.160000000002,51637.44541999999
1012930069,745 5 Ave,30.308523008567533,120939.06000000006,399026.57073000004
1008710003,32 Union Square,30.3039878346759,28559.18,94242.31607999998
1008190039,122 5Th Ave,30.236801335477114,25741.1,85131.69007
1013180033,228 E 45th St,30.226879313972432,30724.179999999997,101645.22669
1012780014,340 Madison Ave,30.218439279275838,73858.59999999999,244415.66726000005
1008220070,54 W 21st St,30.205129070654777,21480.870000000003,71116.63039
1007620050,318 W 39th St,30.006756397773998,14227.97,47415.88797999999
1004990007,104 Greene St,29.994554994894525,16792.440000000002,55984.961279999996
1000220028,52 Broadway,29.961943942549347,66572.94,222191.65795000005
1008400031,15 W 38th St,29.946614828439106,4673.479999999997,15606.037699999999
1008470040,230 Park Ave South,29.932957396129307,92797.31,310017.17863000004
1007880049,530 7 Ave,29.902976008771496,71686.11000000002,239729.01553000003
1022150824,4116 9 Ave,29.87638294768118,4732.58,15840.538690000001
1021240043,3940 Broadway,29.86674683474812,56214.40000000001,188217.35193
1004960036,71 Spring St,29.824406361111738,9684.19,32470.688210000004
1005770034,8 W 14th St,29.806765648172306,18210.6,61095.52514000001
1012890052,527 Madison Ave,29.787820230818674,44487.08,149346.54384
1002210030,200 Hudson St,29.744049119285766,39351.54999999999,132300.58168
1012720034,720 5 Ave,29.736179423882565,24559.74,82592.11666
1012940037,500 Park Ave,29.69847813302728,134556.27,453074.63028000004
1008360043,366 5 Ave,29.69736285308573,13741.4,46271.448639999995
1008610064,148 Madison Ave,29.627347484177495,15368.350000000002,51872.176569999996
1008630027,169 Madison Ave,29.57904257300173,28375.869999999995,95932.34781
1012950017,354 Lexington Ave,29.496414397019,95072.63,322319.27826999995
1000220024,50 Broadway,29.47747756923695,44666.68000000001,151528.16212000002
1007800013,247 W 30th St,29.4682795689491,7191.28,24403.46062
1009400012,321 E 34th St,29.4459051423744,13592.53,46161.019450000014
1008010055,122 W 26th St,29.371614519589347,5099.72,17362.750000000004
1008610015,134 Madison Ave,29.365341900508568,45100.24999999999,153583.26204
1010040029,1285 Ave Of The Americas,29.317891746999564,468101.29,1596640.3520400003
1009990003,1560 Broadway,29.296006043810802,40789.97999999999,139233.92813000001
1006460027,428 W 14th St,29.28608983528641,13370.19,45653.72187
1013060001,345 Park Ave,29.28379891875292,1249025.5499999998,4265244.25149
1004970001,530 Broadway,29.28244826510665,24133.409999999996,82415.95710000001
1008660001,389 5 Ave,29.252827750706167,24514.019999999993,83800.51395000001
1008500001,149 5 Ave,29.24037045995311,33356.950000000004,114078.41102999999
1007840064,240 W 35th St,29.23295992817731,24456.549999999992,83660.87477999998
1007950028,111 W 19th St,29.22861714133248,29458.520000000004,100786.56769000001
1000290073,44 Beaver St,29.22228216415706,82967.84,283919.78263000003
1008620026,31 E 32nd St,29.197798645446436,6292.39,21550.905519999997
1008000025,119 W 24th St,29.18963366491599,27834.72,95358.23683000001
1000330001,77 Water St,29.176595959824443,209862.61,719284.0806
1009950033,1111 Ave Of The Americas,29.1734968203148,1102492.0399999998,3779087.73429
1008220031,154 5 Ave,29.160944805267086,35937.04,123236.88495
1009960001,1500 Broadway,29.14362663407611,292434.55,1003425.3927000001
1012830069,589 5 Ave,29.136027362348482,38359.599999999984,131656.93292
1000650007,15 Maiden Lane,29.120418082823456,48509.81999999999,166583.52865
1008220015,27 W 20th St,29.084028301618524,7350.479999999999,25273.252809999998
1008200038,130 5 Ave,29.074196808886622,16571.180000000004,56996.174680000004
1013010033,750 3 Ave,29.059547633144746,213328.05,734106.5755500001
1007860013,255 W 36th St,29.055006223642394,25463.299999999996,87638.25347
1008150001,1411 Broadway,29.048169200915662,368254.9799999999,1267739.0352999999
1012670034,640 5 Ave,29.040375982370385,86565.74,298087.53183
1012620048,16 W 47th St,28.999591919483315,13137.619999999994,45302.775420000005
1008380015,43 W 36th St,28.99924213241177,12519.089999999998,43170.404050000005
1012630038,590 5 Ave,28.95647016332609,58933.4,203524.11625999998
1006460019,860 Washington St,28.936000750961817,34964.82,120835.01207
1000770008,110 William St,28.933019223192414,310531.04000000004,1073275.61498
1008260057,24 W 25th St,28.927860390258743,11138.13,38503.12415
1013130014,722 Lexington Ave,28.92123652485394,44960.64,155458.91325
1005480009,13 University Pl,28.88726500958097,18025.229999999996,62398.534419999996
1013940001,505 Park Ave,28.862386164580133,61654.44999999999,213615.22103
1005220001,610 Broadway,28.83455508726966,18819.949999999997,65268.737259999994
1012980023,425 Lexington Ave,28.818392176691066,221557.21,768804.8959899999
1008590015,102 Madison Ave,28.81167421105944,12499.150000000003,43382.2412
1005100001,63 Prince St,28.764464672909405,19358.57,67300.29646
1008410049,452 5 Ave,28.761802136610235,216008.95999999996,751027.20954
1008630060,183 Madison Ave,28.7414288152133,16879.06,58727.28217
1012910010,550 Madison Ave,28.729711889466923,192181.61,668929.8199
1012860043,34 E 51st St,28.720584510275447,22667.14,78922.97593
1001480010,71 Thomas St,28.608136808051743,14963.96,52306.65702
1012610019,35 W 45th St,28.599420663052804,6401.009999999999,22381.60722
1008720013,35 Irving Pl,28.57982801147579,84661.68,296228.79454000003
1008590024,99 Madison Ave,28.513358755845154,18812.82999999999,65979.00360000001
1012770069,511 5 Ave,28.4886900973637,17518.05,61491.244210000004
1009940001,1459 Broadway,28.448519120611536,238684.13,839003.7069699999
1018840001,2880 Broadway,28.43858493128268,12278.9,43176.90218999999
1000160260,200 W St,28.393094110844945,735510.6300000001,2590456.0705099995
1013740014,650 Madison Ave,28.293024677180007,102640.46000000002,362776.55419000005
1008260065,40 W 25th St,28.286507968345937,13875.28,49052.64381
1007940030,615 Ave Of The Americas,28.263132065109094,28103.98,99436.89162000001
1007990028,119 W 23rd St,28.256684672111554,6133.029999999999,21704.704820000006
1012640040,608 5 Ave,28.247416775061275,41336.509999999995,146337.31052000003
1012900006,3 E 54th St,28.236416067975806,25529.740000000005,90414.23649000001
1008030067,150 W 28th St,28.23470851757428,5534.220000000001,19600.76902
1008390070,42 W 38th St,28.230778439388793,7819.94,27700.05091
1011050036,600 W 58th St,28.219927924347964,50211.01,177927.49200000003
1000290036,1 William St,28.1849766436503,14254.140000000005,50573.53845
1008630067,178 Madison Ave,28.181802920403126,49372.17,175191.66583999997
1007760059,236 W 27th St,28.164222658168388,9599.129999999996,34082.70882
1008860001,443 Park Ave South,28.085845148984856,5769.600000000001,20542.732359999998
1009980012,145 W 45th St,28.075713799439956,10113.819999999998,36023.37619
1008110056,142 W 36th St,28.005247500823,10584.130000000005,37793.3814
1008250012,49 W 23rd St,28.000954571634928,43833.89,156544.27025999996
1008800014,121 E 24th St,27.990538597014126,10353.339999999998,36988.71304
1008120006,491 7 Ave,27.95495994614961,39204.52,140241.73197000002
1007630049,314 W 40th St,27.93766495229279,6964.139999999999,24927.42329
1007890075,264 W 40th St,27.896772160656237,24047.06,86200.15198
1008260069,48 W 25th St,27.876996825352734,9642.36,34588.94823
1013750016,652 Madison Ave,27.818461319571547,31998.1,115024.69397000001
1012620024,21 W 46th St,27.759429391800744,11330.049999999996,40815.14011
1006460001,40 10 Ave,27.735019485433575,33469.770000000004,120676.92982000002
1017740056,132 E 126th St,27.66961034728828,9031.960000000005,32642.16549
1012670022,15 W 51st St,27.666300486766055,69742.12999999999,252083.32437999998
1005110008,584 Broadway,27.665785476672404,11000.14,39760.808560000005
1012610034,546 5 Ave,27.631410216235885,54493.23,197214.79857
1012630007,55 W 47th St,27.590578064180228,12091.270000000004,43823.909640000005
1008260046,1115 Broadway,27.58875325322196,32250.85,116898.54087999999
1008380076,48 W 37th St,27.564774041336825,30449.839999999997,110466.49595000001
1007990012,155 W 23rd St,27.540329394548113,8009.97,29084.510520000007
1008600001,285 5 Ave,27.463185117783745,38297.52,139450.39454
1007890014,251 W 39th St,27.43724023588404,7637.430000000001,27835.999300000003
1007620033,575 8 Ave,27.396507858692942,33965.16999999999,123976.27527999999
1009990009,151 W 46th St,27.212622324726542,6984.2699999999995,25665.552980000004
1007850018,237 W 35th St,27.190954330541516,22084.4,81219.65758
1013100041,160 E 56th St,27.184484875055382,6306.5999999999985,23199.26248
1008400023,29 W 38th St,27.151114630000034,8363.5,30803.523589999993
1006970056,536 W 26th St,27.147336942220907,16686.109999999993,61464.997599999995
1008130055,1385 Broadway,27.037137963367634,58827.03,217578.61383000002
1000640012,150 Broadway,27.029284769077766,88442.08999999998,327208.39917
1008810001,351 Park Ave South,26.994845157839165,52463.810000000005,194347.51225
1010100021,119 W 57th St,26.993811706747074,64849.619999999995,240238.83957000004
1004980009,557 Broadway,26.979056255157925,31917.46,118304.583
1008240032,3 W 22nd St,26.9539509603409,3019.2600000000007,11201.548910000001
1012600064,56 W 45th St,26.80889899681465,5799.450000000001,21632.555669999998
1012950058,364 Lexington Ave,26.773589010766884,131007.15,489314.86155000003
1008210032,11 W 19th St,26.76781100322976,47505.869999999995,177473.86962
1008190010,47 W 17th St,26.73710210176246,25287.85,94579.62161999999
1005310020,383 Lafayette St,26.710228587490754,8961.01,33548.98282
1008440042,91 5 Ave,26.707873082428364,6585.759999999998,24658.49669
1008060058,128 W 31st St,26.646326749286214,70977.17,266367.55853
1008830001,387 Park Ave South,26.577723183462375,37034.66999999999,139344.78037999998
1001940042,60 Walker St,26.56291579274301,19897.28999999999,74906.27217
1009930022,115 W 40th St,26.551659026865586,31226.540000000008,117606.73774999999
1008420042,71 5 Ave,26.516398945597846,17620.95,66453.02794
1007610033,545 8 Ave,26.50252450226996,13062.279999999995,49286.92736
1007870040,500 7 Ave,26.4585726188999,50264.5,189974.34489
1007870044,512 7 Ave,26.405364782151075,68327.65999999999,258764.31006999998
1008120019,135 W 36th St,26.370525929467608,21607.08,81936.47733000001
1008210041,148 5 Ave,26.35053240492762,30048.040000000005,114032.00337
1008240028,40 W 23rd St,26.345379304193212,48077.46000000001,182489.15472
1008810029,137 E 25th St,26.20093432106693,6353.379999999999,24248.67725
1017750033,2322 3 Ave,26.11038334224327,24340.79,93222.64511
1000130001,1 Broadway,25.97463418106007,17139.220000000005,65984.45191
1007780036,322-326 7Th Ave,25.84716083638504,21245.33,82195.99101999999
1011130051,16 W 61st St,25.80326406590414,18344.949999999993,71095.46278
1008320001,856 Ave Of The Americas,25.799310224115672,10561.41,40936.79214
1007790017,231 W 29th St,25.714308865231644,15047.77,58519.05286999999
1012930035,460 Park Ave,25.663765215385308,75188.16,292974.00194
1012900044,66 E 55th St,25.657741876927474,22718.370000000003,88543.91828
1008390019,35 W 37th St,25.643839739414396,4078.65,15904.989430000001
1008800084,104 E 25th St,25.63044924280451,21547.92,84071.56580000001
1005970055,333 Hudson St,25.618277112678957,33766.6,131806.67791
1007880004,580 8 Ave,25.555041883125117,5014.210000000003,19621.216130000004
1012930059,600 Madison Ave,25.525637550509465,204606.0,801570.5762300001
1012750012,15 E 40th St,25.420319371528354,3835.970000000001,15090.172329999998
1007800010,251 W 30th St,25.4185307221994,4986.700000000002,19618.36447
1008380048,402 5 Ave,25.38665837687823,3638.1000000000017,14330.75573
1008600049,36 E 31st St,25.371769480839255,20198.49,79610.09584
1005110006,580 Broadway,25.363235702019104,7596.700000000006,29951.62009
1008400071,42 W 39th St,25.305505547711434,30085.59,118889.50388
1008120016,141 W 36th St,25.214623304766082,10490.819999999998,41606.0945
1010030029,1271 Ave Of The Americas,25.162808131931314,515447.64,2048450.3847799997
1008690064,16 E 40th St,25.15200227236522,7588.45,30170.361459999996
1000680011,75 Maiden Lane,25.10725190629035,54716.600000000006,217931.45742999995
1005630046,57 E 11th St,25.059828284741265,3522.2099999999996,14055.204049999998
1010240015,1675 Broadway,24.98455545487555,143916.20000000004,576020.65508
1007840060,224 W 35th St,24.960820521146086,25807.32,103391.31271
1008440003,87 5 Ave,24.95101227555479,7095.810000000004,28438.966410000005
1008220052,18 W 21st St,24.94292163172333,7259.440000000002,29104.208830000003
1012920052,575 Madison Ave,24.909220208895004,130696.64,524691.81654
1008620016,152 Madison Ave,24.820764752110104,11703.17,47150.722859999994
1005460026,21 W 4th St,24.79354628091947,3306.5000000000005,13336.13176
1000420031,80 Maiden Lane,24.775543627088958,80791.04,326091.8961700001
1007590031,315 W 35th St,24.74080872860383,5296.949999999997,21409.769009999996
1005450053,400 Lafayette St,24.7168704024389,8571.52,34678.82406
1013910014,974 Madison Ave,24.67401597937333,29573.129999999997,119855.35725000002
1001190001,1 Police Plaza,24.646850587916237,308089.14,1250014.2316400001
1008120069,148 W 37th St,24.63050478274635,10398.06,42216.18717
1012840002,597 5 Ave,24.55772779836115,7451.56,30343.03524
1014350044,306 E 61st St,24.526225134688463,2736.97,11159.360990000001
1011130008,27 W 60th St,24.404624197036263,5999.449999999998,24583.250910000002
1005450006,708 Broadway,24.394897426319957,17555.36,71963.24581000002
1008630006,1 E 33rd St,24.380121423484553,21104.9,86566.01677
1005760046,60 5 Ave,24.372054286128385,19801.51,81246.78276
1008070028,119 W 31st St,24.368021316342357,37959.53999999999,155776.04561
1008070028,119 W 31st St,24.368021316342357,37959.53999999999,155776.04561
1012600071,1156 Ave Of The Americas,24.344884425723123,21063.13,86519.73709
1008690020,271 Madison Ave,24.255689205794837,8657.27,35691.70897000001
1005050036,161 Ave Of The Americas,24.184178216366618,106845.65,441799.7959000001
1008140046,108 W 39th St,24.099871403926272,33413.020000000004,138643.97631
1005120015,591 Broadway,24.063097063728055,2069.31,8599.51649
1012830017,400 Madison Ave,24.046555073211547,16396.530000000006,68186.60698
1007840077,494 8 Ave,23.934052994146104,9484.130000000005,39626.09259000001
1008300062,1195 Broadway,23.90851938251669,5601.509999999998,23428.92887
1008330057,22 W 32nd St,23.90044356858673,21452.06,89755.90740999999
1007890030,205 W 39th St,23.85627434842233,41981.75000000001,175977.81358000002
1007830070,250 W 34th St,23.817331736005457,1401841.59,5885804.52898
1008580006,3 E 28th St,23.77837943937731,4917.03,20678.57489
1008580022,79 Madison Ave,23.732656004113895,21164.32999999999,89178.09281999999
1009030047,220 E 23rd St,23.717446935333527,17765.949999999997,74906.67123
1013120024,145 E 57th St,23.638752965728663,4964.399999999998,21001.107829999994
1008440001,85 5 Ave,23.57926168315227,14395.899999999996,61053.226319999994
1007950044,641 Ave Of The Americas,23.475729061330274,37792.05,160983.49875
1011020018,619 W 54th St,23.37793168122197,68728.86000000002,293990.33642999997
1001550003,52 Duane St,23.26521839351966,16277.36,69964.35505
1008400042,424 5 Ave,23.11881304925518,75450.76,326360.87259
1005640007,113 University Pl,23.065612531824485,4506.160000000003,19536.26852
1008360033,1 W 34th St,22.976975102668824,4764.480000000001,20735.888770000005
1013040033,800 3 Ave,22.94345210516878,236284.21000000005,1029854.6570800002
1012610036,550 5 Ave,22.941117515012223,18736.69,81672.96117
1004740030,483 Broadway,22.910031680684988,3878.7999999999993,16930.57458
1012950020,363 Lexington Ave,22.843953986608756,20889.950000000004,91446.29696
1007840051,212 W 35th St,22.795240352867133,12321.910000000002,54054.74919000001
1008410001,1040 Ave Of The Americas,22.78444477279928,30291.69,132948.99349999998
1012790069,545 5 Ave,22.740420758576853,83803.49000000002,368522.161
1008590048,434 Park Ave South,22.70834256090975,25509.76,112336.51215
1007870072,256 W 38th St,22.70029987760723,6803.42,29970.617289999995
1008580049,38 E 29th St,22.69042214154603,4677.640000000001,20615.041760000004
1012610016,45 W 45th St,22.604076210947866,29919.960000000006,132365.32969
1012910021,551 Madison Ave,22.600891219959436,16368.02,72422.01133000001
1008610003,307 5 Ave,22.589640347920508,4751.519999999999,21034.066619999998
1012840056,424 Madison Ave,22.573128567168656,27082.179999999997,119975.30567999999
1008390009,49 W 37th St,22.542929250328292,22057.730000000003,97847.66546999999
1008610072,6 E 32nd St,22.53507244488668,17161.97,76156.71102000002
1008230029,15 W 21st St,22.503655787246714,25374.19,112755.85727000001
1000220017,32 Broadway,22.472852298776065,30383.08000000001,135199.03747
1001240004,11 Park Pl,22.453617383134635,24718.659999999996,110087.65126000001
1008500025,33 E 21st St,22.39224739815923,9982.03,44578.06232
1010280029,888 7 Ave,22.361008936926225,190332.83,851181.7625800001
1012890021,515 Madison Ave,22.212039161489937,68406.09000000001,307968.5278
1008610001,303 5 Ave,22.153636323532176,41492.670000000006,187295.07604999997
1007840041,450 7 Ave,22.05070447710179,131997.39,598608.49406
1012610030,7 W 45th St,22.050280761154788,17777.78,80623.82603000001
1008710070,116 E 16th St,21.98833958014973,7031.740000000001,31979.404239999996
1002310035,451 Broadway,21.97345651512107,4500.110000000001,20479.754729999997
1005000011,120 Wooster St,21.924890667635044,6768.200000000001,30869.93729
1012590019,23 W 43rd St,21.827955524198277,142015.46000000002,650612.7421900001
1008410027,15 W 39th St,21.79797710760885,35369.66,162261.20353
1008410027,15 W 39th St,21.79797710760885,35369.66,162261.20353
1008830088,401 Park Ave South,21.730321276216568,32841.22,151130.85344
1012730001,1400 Ave Of The Americas,21.658707361679706,66064.77,305026.37529000005
1012930026,597 Madison Ave,21.637872081398974,77291.75999999998,357205.91983
1008070039,875 Ave Of The Americas,21.635560908033447,17639.970000000005,81532.29803
1008220062,38 W 21st St,21.605367497135504,4999.640000000002,23140.731120000004
1019860065,3280 Broadway,21.566500253537587,38638.719999999994,179160.82603000003
1008290068,44 W 28th St,21.555923936221685,21036.11,97588.53326
1012970023,395 Lexington Ave,21.52313342413012,205021.94999999995,952565.5301199999
1005770019,34 W 14th St,21.350644683878862,11863.2,55563.66178
1008380072,40 W 37th St,21.282470232704785,5029.09,23630.198680000005
1008390060,22 W 38th St,21.267926191912412,4484.330000000001,21084.94246
1009930055,1441 Broadway,21.25363000421898,84507.35,397613.72520000004
1005230046,625 Broadway,21.251541334289733,18184.32,85567.06412
1008360035,358 5 Ave,21.240493813910128,16039.93,75515.80552
1019980017,615 W 131st St,21.196311403120422,36500.36000000001,172201.47084
1008220058,30 W 21st St,21.18187243113209,5291.949999999999,24983.39095
1008060009,145 W 30th St,21.154680848947415,10100.99,47748.250479999995
1007890062,240 W 40th St,21.12981167467902,29860.19000000001,141317.82365
1004860011,84 Wooster St,21.12587022170766,4325.999999999999,20477.262969999996
1008780065,120 E 23rd St,20.98802698098702,21772.369999999995,103737.09744
1012750059,292 Madison Ave,20.961343774580886,21187.13,101077.1553
1005300001,670 Broadway,20.857886496675484,8759.950000000003,41998.26286999999
1008730067,215 Park Ave South,20.748965727528745,20510.069999999992,98848.63790000002
1006010047,120 Leroy St,20.722070660282547,29501.32000000001,142366.66057
1008630029,33 E 33rd St,20.651265528085233,11619.239999999996,56264.05793
1008360007,43 W 34th St,20.642389935697455,10675.190000000004,51714.89364
1005010015,130 Prince St,20.6380752049494,9999.320000000003,48450.83614000001
1004730001,462 Broadway,20.52560484930002,6757.4400000000005,32922.00181
1005630031,817 Broadway,20.345640314950682,32480.419999999995,159643.14466
1005110012,592 Broadway,20.29686467111668,26110.769999999997,128644.35183999999
1007780043,330 7 Ave,20.2885452949685,21014.13,103576.32691000002
1007880073,250 W 39th St,20.265651669472405,14729.48,72681.99533
1010120023,215 W 40th St,20.205640995878788,6402.359999999998,31686.00294
1007630024,315 W 39th St,20.193165593162473,12943.04,64096.14154000001
1008280033,1140 Broadway,20.00608483410024,12321.500000000002,61588.76213000001
1012910045,60 E 56th St,19.97196317051328,8127.28,40693.44576
1004820016,72 Spring St,19.872650417230492,14266.000000000004,71787.10288
1008370036,3 W 35th St,19.832526346170155,8591.779999999995,43321.661850000004
1007790057,224 W 30th St,19.764207492649575,12022.470000000005,60829.507099999995
1007860068,240 W 37th St,19.691537361162013,11420.249999999998,57995.72572999999
1000510007,68 TRINITY PLACE,19.68912318569293,32118.500000000004,163128.13779
1012630071,1212 Ave Of The Americas,19.664817744582063,19292.950000000004,98108.96927999999
1008590072,112 Madison Ave,19.634555445908045,8033.169999999998,40913.4295
1006980001,244 11 Ave,19.396659929450646,17786.520000000004,91698.88045000001
1005320015,661 Broadway,19.38499232273928,13362.889999999996,68934.20321
1008400028,21 W 38th St,19.30627009778641,5254.919999999999,27218.722069999996
1012610042,2 W 46th St,19.254885272426677,16292.259999999997,84613.6436
1008030021,121 W 27th St,19.219491491813738,13676.150000000003,71157.70990000002
1008000068,152 W 25th St,19.200591157785595,2419.5200000000013,12601.27868
1008330006,1255 Broadway,19.187202147341445,11384.85,59335.644210000006
1007790075,400 8 Ave,19.156242667918335,10509.020000000004,54859.5055
1008680012,9 E 38th St,19.155977832060987,11509.650000000003,60083.85529000001
1007750058,226 W 26th St,19.13130144899417,8534.579999999998,44610.55628
1008050019,135 W 29th St,19.08708514133602,3316.560000000001,17375.937579999998
1008000065,150 W 25th St,19.08428658899869,3034.35,15899.72979
1008200026,23 W 18th St,18.9280975946012,12936.040000000005,68343.05421
1007600012,347 W 36th St,18.90247412690061,4125.32,21824.23302
1008020075,158 W 27th St,18.866351269524245,7042.589999999999,37328.83958
1008410018,35 W 39th St,18.83415539133142,1859.8600000000008,9874.9318
1012630051,22 W 48th St,18.819626641162294,7380.380000000002,39216.39967
1005460021,19 W 4Th St,18.77627800737302,7102.170000000002,37825.22818
1005440008,409 Lafayette St,18.699110567272342,6856.68,36668.482039999995
1007600055,320 W 37th St,18.67287238768844,7826.680000000002,41914.70834
1009930001,561 7 Ave,18.644396948930737,5086.889999999998,27283.7465
1008230024,19 W 21st St,18.280969966811977,7447.370000000001,40738.37446
1008460026,860 Broadway,18.220675025322063,4719.84,25903.760390000003
1012920048,32 E 57th St,18.163743176945676,4578.889999999998,25208.955860000002
1008040011,145 W 28th St,18.101582550445816,2540.189999999998,14032.971940000001
1012630059,42 W 48th St,18.092098902720338,4522.620000000001,24997.76297
1008380008,63 W 36th St,18.085331427986866,4372.149999999999,24175.116819999996
1008220049,12 W 21st St,17.986210369377556,2378.3700000000026,13223.296910000003
1008380062,20 W 37th St,17.931566084371294,2147.18,11974.30269
1010540041,420 W 45th St,17.92753196451043,4125.589999999999,23012.593189999996
1008340019,39 W 32nd St,17.897425008597658,2883.1200000000003,16109.13301
1012620054,30 W 47th St,17.857783246790472,3975.6200000000017,22262.673619999998
1007870020,241 W 37th St,17.688866110821998,3535.049999999999,19984.60488
1008400013,49 W 38th St,17.508269624862095,3239.9299999999976,18505.141109999997
1008110062,152 W 36th St,17.38880099258969,2040.9500000000005,11737.15198
1002320001,434 Broadway,16.60743236988656,1451.429999999999,8739.64119
1008230073,56 W 22nd St,9.05696236685517,308.55000000000007,3406.7713599999997
1012870033,350 Park Ave,0,0.0,0.0
